기간	자치구	동	다수업종 상위10	다수업종 상위10	다수업종 상위10	다수업종 상위10	다수업종 상위10	다수업종 상위10	다수업종 상위10	다수업종 상위10	다수업종 상위10	다수업종 상위10	다수업종 상위10	다수업종 상위10	다수업종 상위10	다수업종 상위10	다수업종 상위10	다수업종 상위10	다수업종 상위10	다수업종 상위10	다수업종 상위10	다수업종 상위10
기간	자치구	동	택시운송업	택시운송업	한식음식점업	한식음식점업	용달 및 개별화물 자동차운송업	용달 및 개별화물 자동차운송업	부동산자문 및 중개업	부동산자문 및 중개업	기타주점업	기타주점업	두발미용업	두발미용업	셔츠 및 기타 의복 소매점	셔츠 및 기타 의복 소매점	비알콜 음료점업	비알콜 음료점업	셔츠 및 외의 도매업	셔츠 및 외의 도매업	기타음·식료품 위주 종합소매업	기타음·식료품 위주 종합소매업
기간	자치구	동	사업체수	종사자수	사업체수	종사자수	사업체수	종사자수	사업체수	종사자수	사업체수	종사자수	사업체수	종사자수	사업체수	종사자수	사업체수	종사자수	사업체수	종사자수	사업체수	종사자수
2014	합계	합계	48,789	87,443	47,794	163,433	37,257	40,793	21,709	38,873	19,733	45,082	16,479	33,548	14,342	32,714	13,933	47,763	13,468	46,925	10,206	20,588
2014	종로구	소계	226	226	2,536	9,664	599	672	528	985	695	1,946	251	477	322	662	1,050	3,730	499	1,021	506	889
2014	종로구	사직동	8	8	341	1,405	13	13	55	101	87	214	24	49	25	75	141	500	2	3	38	60
2014	종로구	삼청동	4	4	67	366	9	9	4	18	6	20	-	-	17	35	75	344	1	5	16	30
2014	종로구	부암동	19	19	31	91	16	16	12	15	12	26	9	11	4	5	36	71	-	-	14	29
2014	종로구	평창동	14	14	60	263	18	25	31	43	21	32	18	31	3	5	21	60	2	3	10	21
2014	종로구	무악동	13	13	18	39	280	284	15	22	6	8	9	10	-	-	8	9	-	-	7	9
2014	종로구	교남동	14	14	26	104	13	13	10	12	5	11	5	5	5	6	8	25	-	-	5	11
2014	종로구	가회동	10	10	75	290	11	12	15	21	14	31	8	10	1	1	48	131	5	13	12	21
2014	종로구	종로1.2.3.4가동	2	2	935	4,016	17	30	118	327	292	928	33	78	104	222	346	1,392	267	349	174	277
2014	종로구	종로5·6가동	6	6	279	868	25	58	68	110	45	92	18	27	41	86	72	146	79	221	61	106
2014	종로구	이화동	7	7	115	488	18	18	12	32	32	149	8	18	13	50	84	404	9	144	18	35
2014	종로구	창신1동	9	9	116	298	7	7	34	37	24	50	13	44	54	76	17	46	96	167	39	57
2014	종로구	창신2동	12	12	66	180	27	27	15	19	18	28	23	29	5	11	5	17	1	3	21	31
2014	종로구	창신3동	28	28	14	26	30	30	14	18	-	-	10	11	-	-	4	4	1	6	5	9
2014	종로구	숭인1동	12	12	27	63	31	32	15	22	6	15	10	17	5	7	3	6	10	38	12	21
2014	종로구	숭인2동	11	11	113	290	37	38	40	70	21	44	14	22	14	31	22	59	23	66	35	64
2014	종로구	청운효자동	24	24	61	199	21	34	32	52	11	20	16	23	11	12	51	109	3	3	22	48
2014	종로구	혜화동	33	33	192	678	26	26	38	66	95	278	33	92	20	40	109	407	-	-	17	60
2014	중구	소계	237	252	2,487	9,923	393	456	672	1,485	567	1,412	315	878	2,201	4,986	850	3,125	11,118	22,731	662	1,152
2014	중구	소공동	1	1	282	1,413	-	-	31	153	38	123	16	53	156	593	138	583	4	132	50	103
2014	중구	회현동	7	22	238	986	6	6	26	55	34	89	19	61	499	764	98	315	1,577	2,777	107	165
2014	중구	명동	-	-	463	2,506	2	2	108	411	69	284	66	386	202	1,137	245	1,200	21	405	79	151
2014	중구	필동	4	4	177	684	14	17	32	71	65	150	14	23	3	6	71	224	3	15	22	37
2014	중구	장충동	8	8	61	246	14	14	14	34	19	39	6	17	9	31	13	37	18	521	9	19
2014	중구	광희동	5	5	311	1,143	28	70	76	134	60	134	21	46	1,137	2,114	91	249	827	1,584	107	180
2014	중구	을지로동	-	-	262	930	6	12	50	68	55	133	8	12	64	97	71	177	384	581	79	131
2014	중구	신당5동	13	13	98	260	39	42	31	41	50	74	20	22	24	46	13	20	55	146	16	29
2014	중구	황학동	15	15	151	391	45	45	39	50	18	29	20	39	25	54	19	47	24	82	37	62
2014	중구	중림동	17	17	94	268	37	44	37	98	29	67	16	42	2	2	16	43	2	223	18	35
2014	중구	신당동	6	6	137	401	18	18	104	169	44	88	23	38	44	68	30	101	8,081	15,729	84	137
2014	중구	다산동	36	36	82	260	59	59	35	67	38	94	20	36	9	13	16	63	52	258	25	42
2014	중구	약수동	49	49	56	186	39	39	38	54	23	53	31	47	15	21	9	23	5	31	12	34
2014	중구	청구동	46	46	35	125	50	52	22	39	13	25	18	27	7	25	10	24	19	81	11	18
2014	중구	동화동	30	30	40	124	36	36	29	41	12	30	17	29	5	15	10	19	46	166	6	9
2014	용산구	소계	499	618	1,334	4,650	648	749	678	1,009	508	1,293	345	653	451	894	466	1,632	24	140	338	630
2014	용산구	후암동	46	46	57	186	49	49	40	56	19	31	25	34	11	13	15	35	1	3	24	66
2014	용산구	용산2가동	44	44	30	85	41	41	25	28	16	34	21	24	5	6	17	93	1	6	20	35
2014	용산구	남영동	3	3	177	632	12	16	26	59	57	124	14	19	42	138	44	171	1	2	25	54
2014	용산구	원효로2동	35	35	47	118	64	69	28	39	18	26	18	23	9	13	10	26	-	-	19	28
2014	용산구	효창동	43	43	24	64	45	45	16	25	6	10	7	8	2	5	11	29	-	-	9	15
2014	용산구	용문동	28	28	41	103	47	47	25	35	27	52	21	30	6	10	11	17	2	46	10	19
2014	용산구	이촌1동	16	16	50	164	14	14	48	77	16	41	27	99	27	38	26	100	-	-	16	38
2014	용산구	이촌2동	39	39	8	17	55	55	21	21	2	3	9	9	-	-	4	4	1	2	4	5
2014	용산구	이태원1동	13	13	90	456	12	12	22	29	94	366	13	18	234	384	46	234	-	-	15	30
2014	용산구	이태원2동	37	37	40	145	26	26	39	63	44	125	21	32	9	12	38	102	-	-	8	15
2014	용산구	서빙고동	21	140	21	87	32	32	18	22	1	1	9	16	4	5	6	24	1	6	13	19
2014	용산구	보광동	52	52	74	173	59	64	36	53	28	65	43	62	13	16	9	13	-	-	19	42
2014	용산구	청파동	45	45	128	381	75	76	55	74	52	107	44	134	20	31	56	163	1	1	40	58
2014	용산구	원효로1동	17	17	136	376	42	54	57	83	28	48	17	20	6	15	24	56	4	5	17	30
2014	용산구	한강로동	17	17	269	1,028	27	100	136	199	43	87	23	58	41	119	86	302	3	9	60	101
2014	용산구	한남동	43	43	142	635	48	49	86	146	57	173	33	67	22	89	63	263	9	60	39	75
2014	성동구	소계	1,150	2,698	1,500	4,412	1,299	1,474	604	900	469	951	418	721	194	410	333	1,078	107	1,245	355	662
2014	성동구	왕십리2동	41	41	36	67	72	79	34	43	15	21	19	24	4	7	5	6	3	7	14	20
2014	성동구	마장동	398	598	137	418	110	127	34	47	28	44	28	34	3	4	20	48	6	30	46	65
2014	성동구	사근동	35	35	115	497	46	48	31	36	65	207	24	58	22	47	61	261	-	-	19	31
2014	성동구	행당1동	36	36	103	366	58	58	33	49	20	39	33	113	52	137	37	187	2	11	28	86
2014	성동구	행당2동	44	44	18	63	51	51	28	39	7	14	20	41	1	1	11	36	-	-	3	4
2014	성동구	응봉동	45	45	10	27	70	80	13	25	7	17	12	16	5	5	5	12	-	-	11	24
2014	성동구	금호1가동	58	58	34	94	46	46	20	33	11	23	20	30	-	-	6	9	1	2	7	17
2014	성동구	금호4가동	41	237	45	109	28	32	32	42	29	57	20	24	10	13	10	24	-	-	14	25
2014	성동구	성수1가1동	72	122	64	172	84	100	36	57	13	23	24	32	5	8	12	38	7	59	15	25
2014	성동구	성수1가2동	64	545	129	365	76	139	44	100	24	50	22	30	2	3	29	77	9	79	20	53
2014	성동구	성수2가1동	76	76	147	364	101	118	39	59	50	83	30	47	21	49	21	52	8	295	27	42
2014	성동구	성수2가3동	30	472	217	654	273	298	56	83	37	70	13	22	10	25	42	129	38	610	47	71
2014	성동구	송정동	47	47	32	68	51	51	15	21	13	17	19	19	3	3	3	5	1	1	14	26
2014	성동구	용답동	51	230	124	351	66	70	32	44	44	101	32	49	15	34	19	31	16	86	47	81
2014	성동구	왕십리도선동	22	22	154	474	44	45	70	99	61	114	33	82	13	34	23	73	16	65	20	41
2014	성동구	금호2.3가동	56	56	89	155	83	89	44	58	35	49	45	53	21	31	11	26	-	-	14	24
2014	성동구	옥수동	34	34	46	168	40	43	43	65	10	22	24	47	7	9	18	64	-	-	9	27
2014	광진구	소계	1,197	1,866	1,721	5,260	1,235	1,459	781	1,298	910	2,232	681	1,305	381	799	445	1,532	80	591	350	697
2014	광진구	화양동	44	44	283	1,095	48	49	68	121	276	1,003	75	283	23	47	95	383	7	101	32	59
2014	광진구	군자동	63	205	124	323	69	70	42	69	67	130	43	69	19	27	31	100	5	35	16	25
2014	광진구	중곡1동	95	244	102	256	69	82	43	69	68	104	40	44	18	26	16	36	6	74	20	35
2014	광진구	중곡2동	90	90	97	288	92	109	65	100	45	75	57	79	15	29	18	44	10	61	25	57
2014	광진구	중곡3동	98	261	77	190	84	86	40	57	41	67	44	58	11	12	19	39	4	19	23	46
2014	광진구	중곡4동	152	152	87	207	146	149	41	60	40	74	47	64	33	57	18	53	7	85	31	58
2014	광진구	능동	26	26	56	274	29	31	22	37	31	83	13	15	5	38	15	59	11	81	14	34
2014	광진구	구의1동	54	54	167	471	72	203	69	143	81	185	46	66	23	36	35	83	3	7	21	34
2014	광진구	구의2동	119	334	89	210	115	120	38	67	30	55	33	37	19	38	17	45	2	6	16	45
2014	광진구	구의3동	54	54	140	521	59	66	68	113	53	130	46	115	68	169	40	162	6	23	42	89
2014	광진구	광장동	42	42	71	275	34	34	61	104	22	44	31	67	26	50	37	112	10	40	20	55
2014	광진구	자양1동	64	64	124	313	82	84	59	98	29	52	54	73	31	40	21	48	4	46	17	25
2014	광진구	자양2동	102	102	82	208	123	134	52	76	36	65	52	70	8	12	17	38	2	5	26	50
2014	광진구	자양3동	112	112	66	247	97	110	58	88	20	55	39	86	31	133	35	193	1	3	15	33
2014	광진구	자양4동	82	82	156	382	116	132	55	96	71	110	61	179	51	85	31	137	2	5	32	52
2014	동대문구	소계	1,617	2,402	2,092	5,596	1,830	1,921	735	1,027	776	1,485	596	941	490	1,071	450	1,338	221	1,293	535	1,007
2014	동대문구	회기동	22	22	126	432	29	29	19	36	76	215	27	94	35	57	57	224	-	-	13	22
2014	동대문구	휘경1동	44	44	87	225	54	57	24	40	35	89	29	46	9	18	18	98	2	136	24	46
2014	동대문구	휘경2동	112	112	38	99	419	421	35	53	14	35	23	32	3	8	19	41	2	62	19	34
2014	동대문구	청량리동	76	76	165	427	90	96	38	52	45	78	43	53	25	50	25	51	2	10	41	73
2014	동대문구	용신동	57	57	356	924	113	156	107	168	85	136	52	77	90	154	60	135	62	249	94	157
2014	동대문구	제기동	55	55	257	591	98	109	67	77	119	154	37	51	7	13	35	60	8	39	99	179
2014	동대문구	전농1동	103	103	170	532	145	154	62	82	58	112	65	115	128	343	41	157	5	15	41	71
2014	동대문구	전농2동	88	88	28	66	87	87	19	27	14	30	31	46	9	13	17	60	3	20	10	14
2014	동대문구	답십리1동	301	301	113	322	92	93	75	97	35	78	22	33	15	28	25	76	9	18	29	66
2014	동대문구	답십리2동	174	174	91	197	146	146	46	57	31	48	38	44	16	27	9	16	6	76	28	63
2014	동대문구	장안1동	199	598	266	726	192	203	90	151	74	140	71	105	40	83	42	116	83	557	43	73
2014	동대문구	장안2동	219	480	226	675	181	185	66	77	86	176	81	126	95	256	37	122	37	108	43	90
2014	동대문구	이문1동	79	79	133	308	99	100	53	68	83	156	58	96	13	15	54	162	1	2	38	83
2014	동대문구	이문2동	88	213	36	72	85	85	34	42	21	38	19	23	5	6	11	20	1	1	13	36
2014	중랑구	소계	3,454	7,287	1,809	4,527	2,396	2,658	670	998	862	1,624	731	1,043	422	787	270	773	58	232	501	989
2014	중랑구	면목2동	153	439	118	245	184	195	50	68	45	72	57	62	19	34	14	18	3	11	41	77
2014	중랑구	면목4동	106	106	57	117	123	128	37	46	25	43	33	36	10	17	6	12	-	-	25	57
2014	중랑구	면목5동	72	484	49	88	92	107	15	20	25	46	26	29	9	13	4	11	2	8	26	58
2014	중랑구	면목7동	133	292	104	290	114	117	42	56	51	86	42	58	33	52	13	34	7	35	27	47
2014	중랑구	상봉1동	166	1,125	39	98	92	96	26	65	22	45	37	61	47	168	23	85	3	6	24	47
2014	중랑구	상봉2동	76	292	253	677	61	68	51	92	113	236	37	73	35	78	29	107	9	40	32	63
2014	중랑구	중화1동	142	142	41	127	99	113	33	59	12	19	42	64	12	20	11	25	4	19	26	50
2014	중랑구	중화2동	146	275	190	464	167	182	46	74	116	219	58	67	27	35	16	35	8	32	44	84
2014	중랑구	묵1동	201	201	97	281	151	158	57	79	39	70	45	62	18	39	24	81	3	29	23	52
2014	중랑구	묵2동	127	127	110	258	360	360	38	53	52	103	45	66	12	23	13	23	2	4	28	62
2014	중랑구	망우3동	107	445	60	121	115	120	25	31	27	31	35	38	8	9	5	9	2	2	26	45
2014	중랑구	신내1동	326	905	109	356	185	200	35	45	40	78	45	66	18	27	21	67	2	4	22	46
2014	중랑구	신내2동	224	224	40	124	103	108	27	38	17	39	27	65	44	60	12	36	1	1	13	29
2014	중랑구	면목본동	142	291	169	374	187	205	79	109	90	172	75	90	36	60	18	51	4	8	51	91
2014	중랑구	면목3.8동	1,077	1,190	159	400	141	230	52	71	92	210	61	104	48	87	24	87	1	6	37	79
2014	중랑구	망우본동	256	749	214	507	222	271	57	92	96	155	66	102	46	65	37	92	7	27	56	102
2014	성북구	소계	1,958	3,249	1,643	4,748	1,625	1,804	767	1,018	840	1,655	741	1,257	501	980	417	1,306	81	408	442	870
2014	성북구	돈암1동	47	47	8	53	52	52	18	25	5	8	13	14	5	5	3	6	-	-	7	10
2014	성북구	돈암2동	49	49	8	19	33	33	23	33	1	2	12	18	4	4	4	9	-	-	1	2
2014	성북구	안암동	39	39	121	499	48	54	35	55	87	236	37	82	10	13	67	271	12	33	31	76
2014	성북구	보문동	176	176	79	189	65	68	35	41	30	46	28	37	9	100	6	17	18	94	21	52
2014	성북구	정릉1동	117	117	51	123	54	54	26	40	18	33	25	26	2	2	8	19	-	-	12	28
2014	성북구	정릉2동	136	340	48	152	109	113	34	36	18	30	27	34	11	15	12	27	-	-	20	47
2014	성북구	정릉3동	101	101	73	185	42	47	13	16	20	37	24	38	7	10	12	45	2	4	23	49
2014	성북구	정릉4동	126	390	62	165	77	78	32	43	22	39	29	54	13	22	12	40	2	12	21	47
2014	성북구	길음1동	86	86	49	129	68	68	56	93	64	121	39	94	34	42	20	62	-	-	17	37
2014	성북구	길음2동	60	60	58	257	58	58	38	44	21	27	26	69	147	310	17	59	1	17	19	31
2014	성북구	월곡1동	94	94	73	160	103	104	37	47	25	38	39	48	13	21	11	34	5	74	21	31
2014	성북구	월곡2동	89	89	115	311	109	114	38	53	41	86	42	63	26	42	31	119	-	-	21	35
2014	성북구	장위1동	106	106	60	111	145	150	30	35	41	62	48	58	14	21	7	11	1	4	31	56
2014	성북구	장위2동	123	264	103	234	87	87	38	52	80	117	41	52	23	34	11	17	8	33	29	60
2014	성북구	장위3동	93	775	62	131	90	91	24	25	33	47	28	31	18	28	4	8	4	21	20	34
2014	성북구	성북동	58	58	84	344	28	28	38	50	13	27	22	40	18	28	29	97	3	37	19	31
2014	성북구	삼선동	80	80	157	420	80	80	56	75	66	104	56	74	24	53	43	100	9	28	31	57
2014	성북구	동선동	41	41	151	475	27	27	65	83	116	339	74	243	65	144	76	247	3	6	22	38
2014	성북구	종암동	136	136	122	327	151	163	59	80	41	81	63	97	36	46	26	70	6	22	32	59
2014	성북구	석관동	201	201	159	464	199	335	72	92	98	175	68	85	22	40	18	48	7	23	44	90
2014	강북구	소계	1,784	3,017	1,521	4,298	1,333	1,353	571	755	880	1,792	612	936	314	575	275	712	10	51	353	667
2014	강북구	번1동	90	274	132	409	68	68	55	72	93	162	52	119	26	44	28	92	1	31	28	54
2014	강북구	번2동	122	122	26	67	100	100	12	16	8	13	19	20	1	1	5	8	1	2	20	41
2014	강북구	번3동	313	471	30	66	70	70	15	23	15	28	25	26	3	7	10	27	-	-	10	23
2014	강북구	수유1동	107	299	127	278	106	108	35	49	45	76	41	48	53	87	16	37	-	-	21	38
2014	강북구	수유2동	121	121	89	252	93	93	38	54	47	76	51	69	10	13	10	16	-	-	21	39
2014	강북구	수유3동	89	89	276	857	66	66	73	100	173	494	70	125	49	99	41	115	4	8	34	70
2014	강북구	삼양동	111	296	56	117	141	144	38	51	46	64	49	68	15	21	8	15	-	-	37	63
2014	강북구	미아동	106	106	138	329	123	128	74	93	83	147	67	111	41	74	33	95	2	7	30	54
2014	강북구	송중동	155	155	170	659	130	133	59	83	120	354	58	110	39	105	30	105	-	-	36	66
2014	강북구	송천동	127	259	168	413	130	137	71	87	130	177	78	107	20	30	28	63	-	-	40	64
2014	강북구	삼각산동	101	101	42	96	75	75	37	44	23	40	24	45	9	11	10	23	-	-	9	27
2014	강북구	우이동	108	268	182	540	70	70	19	25	58	101	22	28	29	55	31	67	1	2	26	46
2014	강북구	인수동	234	456	85	215	161	161	45	58	39	60	56	60	19	28	25	49	1	1	41	82
2014	도봉구	소계	2,976	6,863	1,129	3,059	1,756	1,837	510	677	522	947	526	749	234	344	188	508	13	34	291	654
2014	도봉구	쌍문1동	195	384	33	84	93	93	20	23	19	23	33	42	10	12	23	65	-	-	24	72
2014	도봉구	쌍문2동	125	459	80	196	94	100	29	35	26	47	45	66	33	44	15	40	2	2	17	46
2014	도봉구	쌍문3동	76	76	50	142	59	64	34	43	28	65	28	34	23	34	13	40	-	-	24	52
2014	도봉구	쌍문4동	140	140	12	31	66	69	18	26	6	16	24	37	20	36	5	14	-	-	11	39
2014	도봉구	방학1동	201	1,282	195	527	149	151	78	127	117	183	66	114	33	53	22	67	3	8	36	66
2014	도봉구	방학2동	160	160	66	120	97	104	27	32	32	48	55	57	15	22	7	10	1	5	21	39
2014	도봉구	방학3동	256	605	46	163	104	104	20	26	7	14	19	36	4	6	8	18	2	3	15	40
2014	도봉구	창1동	183	183	58	161	433	438	48	50	31	61	33	56	12	16	17	52	1	3	20	38
2014	도봉구	창2동	160	499	56	129	156	165	45	50	30	52	51	55	19	23	8	16	1	2	20	49
2014	도봉구	창3동	140	140	80	183	91	91	27	35	41	63	34	40	15	24	7	7	-	-	16	30
2014	도봉구	창4동	132	630	63	223	58	58	33	49	45	96	21	33	3	7	12	43	1	3	19	52
2014	도봉구	창5동	807	969	91	370	110	110	47	63	41	95	40	75	15	20	23	82	1	5	13	24
2014	도봉구	도봉1동	154	460	210	496	117	153	45	59	54	96	40	53	20	32	11	19	-	-	36	62
2014	도봉구	도봉2동	247	876	89	234	129	137	39	59	45	88	37	51	12	15	17	35	1	3	19	45
2014	노원구	소계	4,388	7,118	1,579	4,945	2,168	2,230	701	993	665	1,521	698	1,242	502	1,113	406	1,330	12	33	344	687
2014	노원구	월계1동	158	606	135	341	121	128	38	45	45	101	36	59	9	14	35	87	-	-	21	36
2014	노원구	월계2동	313	430	34	77	174	174	19	27	18	41	28	42	8	17	11	24	1	1	16	36
2014	노원구	월계3동	240	240	30	79	179	179	35	45	5	8	22	42	25	45	12	28	2	2	11	17
2014	노원구	공릉2동	311	697	113	298	191	197	62	83	38	121	55	96	10	15	45	147	-	-	23	45
2014	노원구	하계1동	89	188	72	289	49	56	23	34	22	38	21	36	33	74	12	38	2	6	18	35
2014	노원구	하계2동	103	103	12	20	62	62	15	21	3	4	15	23	-	-	1	3	-	-	6	7
2014	노원구	중계본동	145	270	59	155	77	77	39	53	26	65	32	41	12	13	28	71	1	1	14	21
2014	노원구	중계1동	114	114	25	97	65	65	36	59	10	22	31	76	8	9	13	72	-	-	9	22
2014	노원구	중계4동	118	118	109	308	74	79	24	32	39	83	26	44	11	14	19	41	-	-	10	21
2014	노원구	상계1동	1,275	1,804	168	672	160	165	58	81	62	119	54	99	19	29	36	107	1	3	17	34
2014	노원구	상계2동	83	247	245	965	85	97	58	84	149	421	83	202	138	427	59	243	-	-	28	68
2014	노원구	상계5동	98	98	75	151	122	126	49	71	45	70	50	71	18	20	15	39	-	-	26	54
2014	노원구	상계8동	126	126	18	42	54	54	16	22	7	19	18	36	11	19	6	16	-	-	7	15
2014	노원구	상계9동	194	194	19	42	83	83	23	34	8	13	17	25	11	12	2	5	-	-	5	10
2014	노원구	상계10동	130	130	5	18	55	55	14	21	4	14	12	35	8	15	6	25	-	-	9	27
2014	노원구	상계3.4동	180	277	122	220	176	191	44	57	48	71	53	58	15	20	18	26	-	-	45	68
2014	노원구	상계6.7동	183	183	101	371	88	88	58	91	49	142	44	104	21	70	25	138	-	-	23	61
2014	노원구	중계2.3동	198	198	52	279	148	148	22	32	12	22	30	61	117	258	19	96	1	3	23	52
2014	노원구	공릉1동	330	1,095	185	521	205	206	68	101	75	147	71	92	28	42	44	124	4	17	33	58
2014	은평구	소계	2,847	4,458	1,592	4,512	1,950	2,033	885	1,191	778	1,482	865	1,269	488	920	335	830	15	57	427	787
2014	은평구	녹번동	107	107	118	398	285	287	61	100	48	90	50	70	11	17	23	50	3	18	35	70
2014	은평구	불광1동	171	171	124	308	107	110	83	120	42	77	64	100	26	85	24	46	1	1	29	59
2014	은평구	갈현1동	67	67	141	481	72	72	48	64	101	243	48	64	24	45	22	56	-	-	26	54
2014	은평구	갈현2동	126	126	122	404	46	56	44	53	67	169	63	89	50	79	33	112	1	3	28	57
2014	은평구	구산동	214	373	38	84	147	150	39	51	16	21	57	63	17	56	15	24	-	-	21	34
2014	은평구	대조동	111	111	183	574	111	121	109	132	74	142	77	159	142	293	48	135	1	5	44	79
2014	은평구	응암1동	100	100	115	357	87	89	58	76	49	91	55	103	41	77	24	77	2	10	29	56
2014	은평구	응암2동	162	162	40	98	94	101	35	48	19	31	42	49	10	13	6	14	-	-	16	28
2014	은평구	신사1동	167	302	61	164	179	184	52	69	31	56	52	68	20	28	20	45	-	-	14	24
2014	은평구	신사2동	850	1,169	25	55	125	127	29	32	8	11	31	35	5	5	8	12	-	-	18	31
2014	은평구	증산동	148	792	71	188	101	102	39	53	35	60	35	43	11	28	8	27	1	2	22	40
2014	은평구	수색동	76	163	52	106	76	76	17	21	38	44	31	45	13	18	6	18	1	4	25	42
2014	은평구	진관동	90	357	64	252	92	92	64	85	12	25	41	81	13	22	33	83	1	5	21	41
2014	은평구	불광2동	99	99	112	237	91	94	47	62	34	49	58	67	25	31	13	26	1	1	33	59
2014	은평구	응암3동	124	124	170	400	112	135	52	78	109	215	61	85	44	73	21	44	1	1	31	54
2014	은평구	역촌동	235	235	156	406	225	237	108	147	95	158	100	148	36	50	31	61	2	7	35	59
2014	서대문구	소계	1,798	2,892	1,356	4,187	976	1,074	572	828	711	1,670	561	1,246	392	746	509	1,826	15	53	315	619
2014	서대문구	천연동	39	39	73	181	35	37	33	40	29	45	23	28	14	20	15	25	-	-	14	32
2014	서대문구	홍제1동	84	84	66	182	83	119	39	51	34	63	40	84	10	21	16	44	1	1	20	41
2014	서대문구	홍제3동	89	89	92	194	84	96	28	33	34	55	29	41	24	31	17	32	2	3	25	38
2014	서대문구	홍제2동	37	37	33	64	23	23	24	30	18	36	23	27	4	7	4	6	-	-	6	15
2014	서대문구	홍은1동	99	99	52	100	100	107	28	47	25	43	36	38	16	17	8	19	-	-	18	23
2014	서대문구	홍은2동	125	295	78	262	100	100	30	44	33	78	30	41	8	14	25	51	-	-	26	45
2014	서대문구	남가좌1동	10	10	63	113	11	11	12	19	42	66	7	7	28	33	3	13	-	-	18	29
2014	서대문구	남가좌2동	147	147	103	259	85	87	58	82	51	98	62	95	14	22	31	84	1	2	26	46
2014	서대문구	북가좌1동	114	526	13	43	74	81	20	28	4	11	16	23	2	2	3	12	-	-	9	28
2014	서대문구	북가좌2동	837	1,120	89	268	137	145	74	98	51	79	68	81	10	12	19	59	-	-	26	61
2014	서대문구	충현동	38	38	176	494	47	64	41	69	52	110	27	34	4	5	57	152	3	18	31	51
2014	서대문구	북아현동	28	28	38	92	38	42	35	43	11	20	10	12	5	7	6	11	-	-	23	50
2014	서대문구	신촌동	22	22	360	1,557	20	20	87	146	286	887	133	642	232	521	243	1,154	2	7	42	98
2014	서대문구	연희동	129	358	120	378	139	142	63	98	41	79	57	93	21	34	62	164	6	22	31	62
2014	마포구	소계	1,302	2,431	2,296	8,178	1,101	1,234	1,051	1,737	1,273	3,608	735	1,678	522	1,437	1,168	3,929	80	1,311	357	827
2014	마포구	용강동	37	139	174	758	38	46	76	113	54	133	28	62	4	12	37	107	10	638	11	40
2014	마포구	대흥동	27	27	139	318	40	40	61	76	57	88	32	49	4	8	47	152	2	7	30	49
2014	마포구	염리동	35	35	43	106	43	43	25	32	22	35	30	32	7	9	12	20	1	1	23	37
2014	마포구	신수동	359	359	73	177	59	70	43	55	23	51	27	28	3	9	17	48	-	-	16	34
2014	마포구	서교동	33	33	593	2,588	57	63	166	327	595	2,201	201	769	313	1,023	519	2,000	19	62	51	158
2014	마포구	합정동	49	49	120	373	84	115	52	73	77	143	35	77	15	32	76	227	7	48	12	27
2014	마포구	망원1동	92	92	106	281	114	124	52	75	31	52	49	66	16	22	20	30	2	18	15	33
2014	마포구	망원2동	77	77	80	200	96	100	40	51	35	59	47	57	19	23	29	52	-	-	15	30
2014	마포구	연남동	52	52	79	252	53	53	36	115	54	106	26	33	13	22	48	118	5	32	15	30
2014	마포구	성산1동	73	240	68	243	80	81	45	67	19	34	21	31	7	51	25	59	8	30	19	48
2014	마포구	성산2동	145	304	82	242	134	140	53	78	21	42	38	64	60	115	22	89	1	1	28	57
2014	마포구	상암동	85	786	209	800	81	130	63	107	39	113	24	48	9	15	96	360	2	252	25	63
2014	마포구	도화동	48	48	133	519	38	39	61	115	69	177	35	88	13	16	38	138	4	31	14	23
2014	마포구	서강동	45	45	107	402	47	49	73	109	54	153	39	92	17	43	105	303	7	108	15	61
2014	마포구	공덕동	121	121	193	595	110	113	113	171	75	149	69	101	10	19	48	115	8	56	41	83
2014	마포구	아현동	24	24	97	324	27	28	92	173	48	72	34	81	12	18	29	111	4	27	27	54
2014	양천구	소계	2,815	5,608	1,393	4,634	1,871	2,023	852	1,330	660	1,314	774	1,333	541	999	337	1,045	17	73	343	856
2014	양천구	목1동	40	40	187	1,099	32	56	66	115	65	197	47	221	183	432	78	383	4	19	17	43
2014	양천구	목2동	82	82	69	165	99	99	62	90	33	67	44	75	17	22	19	55	-	-	23	55
2014	양천구	목3동	63	63	69	183	81	84	45	73	58	101	58	109	30	48	13	27	1	6	18	27
2014	양천구	목4동	90	90	83	217	73	85	52	74	50	82	60	79	15	18	21	32	-	-	22	58
2014	양천구	신월1동	165	308	120	299	151	171	47	69	67	118	60	67	36	43	11	16	1	2	34	71
2014	양천구	신월2동	188	407	36	116	141	156	31	43	24	33	24	34	6	7	7	16	-	-	15	34
2014	양천구	신월3동	96	705	53	146	141	164	11	14	21	29	28	33	13	15	7	9	1	5	25	45
2014	양천구	신월4동	190	800	70	193	151	164	24	28	33	52	37	45	6	7	11	19	2	4	17	34
2014	양천구	신월5동	77	242	66	195	103	108	24	29	28	60	33	43	20	55	12	22	2	4	18	33
2014	양천구	신월6동	955	1,130	48	128	82	82	22	28	22	33	22	25	16	23	3	7	1	10	11	21
2014	양천구	신월7동	214	990	81	183	206	216	32	42	23	54	41	58	13	17	12	28	1	3	25	49
2014	양천구	신정1동	28	28	93	276	21	21	53	77	46	98	34	55	18	24	22	60	-	-	5	30
2014	양천구	신정2동	44	44	56	227	58	64	43	75	17	29	46	61	14	16	11	39	-	-	5	6
2014	양천구	신정3동	267	267	67	196	236	247	63	92	43	79	60	82	25	37	17	51	-	-	42	129
2014	양천구	신정6동	30	30	21	73	15	15	45	61	2	5	16	42	12	15	9	30	-	-	9	20
2014	양천구	신정7동	130	130	47	132	87	87	36	51	13	36	34	57	13	13	8	20	-	-	12	45
2014	양천구	목5동	21	21	54	243	20	20	103	163	19	38	41	100	36	47	26	94	1	1	14	74
2014	양천구	신정4동	135	231	173	563	174	184	93	206	96	203	89	147	68	160	50	137	3	19	31	82
2014	강서구	소계	3,774	8,228	1,889	6,420	2,225	2,350	1,004	1,641	933	1,919	840	1,430	621	1,323	422	1,433	44	605	373	738
2014	강서구	염창동	151	725	109	419	114	134	69	99	37	91	47	61	13	14	36	99	5	155	13	25
2014	강서구	등촌1동	81	248	126	436	77	77	66	101	48	94	34	73	40	74	31	119	5	19	15	34
2014	강서구	등촌2동	81	302	33	101	54	54	24	30	21	37	19	27	4	6	10	22	-	-	8	13
2014	강서구	등촌3동	196	389	130	731	127	133	61	134	39	105	45	101	135	281	44	187	11	330	27	49
2014	강서구	화곡본동	149	149	96	274	137	137	49	67	59	112	42	63	18	28	11	25	-	-	24	45
2014	강서구	화곡2동	68	68	24	59	94	111	22	26	18	35	31	46	9	15	7	11	2	4	19	39
2014	강서구	화곡3동	68	68	84	254	67	71	44	82	42	95	50	86	20	27	22	78	1	2	14	32
2014	강서구	화곡4동	88	88	101	228	120	125	37	48	67	105	57	86	24	35	14	36	1	3	18	30
2014	강서구	화곡6동	77	634	182	652	86	89	51	86	119	325	40	87	19	26	30	135	2	9	23	48
2014	강서구	화곡8동	109	109	71	195	102	102	61	80	31	64	52	87	24	35	13	40	1	2	19	33
2014	강서구	가양1동	141	628	85	337	78	78	38	120	23	54	23	38	7	10	21	75	5	10	12	20
2014	강서구	가양2동	48	48	27	49	66	66	18	28	8	12	16	32	27	47	4	20	-	-	7	25
2014	강서구	가양3동	127	127	19	73	81	81	13	25	3	6	16	36	9	19	3	24	3	54	10	20
2014	강서구	발산1동	198	919	81	270	168	175	56	94	25	45	47	94	30	46	27	63	1	2	26	44
2014	강서구	공항동	77	675	141	483	89	105	37	51	76	160	37	54	19	30	19	92	3	8	23	49
2014	강서구	방화1동	1,394	1,394	130	373	171	198	92	165	59	113	77	103	29	38	30	67	2	5	22	48
2014	강서구	방화2동	125	624	114	443	138	146	45	60	61	91	39	74	131	497	32	157	-	-	22	37
2014	강서구	방화3동	198	635	36	103	110	112	26	40	14	28	27	38	10	13	10	35	1	1	14	29
2014	강서구	화곡1동	235	235	211	597	228	238	115	195	152	282	84	130	41	66	35	106	1	1	37	66
2014	강서구	우장산동	163	163	89	343	118	118	80	110	31	65	57	114	12	16	23	42	-	-	20	52
2014	구로구	소계	2,725	3,856	1,804	5,521	1,709	1,914	757	1,136	760	1,564	663	1,097	516	1,070	400	1,237	85	634	456	983
2014	구로구	신도림동	86	86	128	581	80	82	59	99	18	53	43	122	71	331	43	209	4	12	26	64
2014	구로구	구로1동	105	105	16	46	64	69	23	37	18	32	18	40	3	4	7	22	-	-	6	12
2014	구로구	구로3동	64	64	272	1,231	60	60	119	230	96	318	38	99	10	20	100	394	28	486	40	99
2014	구로구	구로4동	48	48	152	327	86	86	72	91	88	155	61	82	33	50	20	47	2	4	48	86
2014	구로구	구로5동	1,167	1,403	222	689	115	146	89	136	71	170	42	94	219	387	44	158	7	14	34	80
2014	구로구	고척1동	124	278	120	425	117	118	27	34	67	139	38	63	65	103	23	49	3	7	29	58
2014	구로구	고척2동	135	135	86	225	150	150	39	57	33	51	55	65	23	27	20	43	3	4	20	47
2014	구로구	개봉2동	158	158	60	160	124	128	41	53	37	69	52	83	8	14	17	44	3	10	16	32
2014	구로구	개봉3동	99	99	61	153	122	122	33	48	36	49	44	55	12	19	10	20	1	1	18	43
2014	구로구	오류1동	77	77	75	174	74	74	32	41	38	75	36	64	13	24	9	29	1	1	20	65
2014	구로구	오류2동	202	426	79	218	203	351	45	72	21	42	46	94	4	8	21	49	4	7	20	52
2014	구로구	수궁동	151	560	70	150	137	141	31	58	22	37	30	35	4	9	11	24	2	7	23	48
2014	구로구	가리봉동	26	26	71	138	41	41	19	25	73	129	29	31	11	15	12	31	2	6	42	84
2014	구로구	구로2동	132	132	281	744	152	161	88	109	91	169	70	95	23	35	43	77	21	63	79	138
2014	구로구	개봉1동	151	259	111	260	184	185	40	46	51	76	61	75	17	24	20	41	4	12	35	75
2014	금천구	소계	1,102	3,098	1,375	4,312	1,279	1,456	493	784	535	955	428	607	570	1,775	305	969	116	1,034	357	659
2014	금천구	가산동	76	179	460	1,847	194	292	160	339	90	265	32	98	390	1,456	154	576	81	925	73	137
2014	금천구	독산1동	175	1,496	187	545	146	151	56	83	69	117	43	68	34	109	32	126	13	53	50	104
2014	금천구	독산2동	113	247	85	204	101	103	35	50	36	47	50	55	9	10	8	22	1	2	21	39
2014	금천구	독산3동	91	230	124	250	137	146	54	69	84	118	72	85	21	26	18	32	5	11	60	98
2014	금천구	독산4동	59	59	85	195	79	79	26	29	54	95	34	45	4	4	17	37	2	10	27	44
2014	금천구	시흥1동	152	318	248	817	160	177	68	89	120	197	80	122	74	123	42	114	7	14	48	87
2014	금천구	시흥2동	138	138	9	20	101	103	16	23	3	5	18	25	2	3	6	16	-	-	9	19
2014	금천구	시흥3동	72	205	71	184	115	159	25	32	20	29	15	18	7	7	7	8	5	16	18	36
2014	금천구	시흥4동	135	135	29	75	132	132	22	29	25	42	37	40	9	11	10	18	1	2	18	36
2014	금천구	시흥5동	91	91	77	175	114	114	31	41	34	40	47	51	20	26	11	20	1	1	33	59
2014	영등포구	소계	1,433	2,921	2,700	9,617	2,238	2,459	940	1,565	1,091	2,425	651	1,164	600	1,443	723	2,672	76	960	653	1,181
2014	영등포구	여의동	9	9	647	3,495	19	47	151	353	167	509	53	190	39	189	251	1,195	25	745	84	151
2014	영등포구	당산1동	32	32	217	533	67	95	68	115	161	288	40	58	8	12	54	108	2	3	34	48
2014	영등포구	당산2동	47	315	137	485	53	53	93	148	65	146	37	74	13	20	52	153	6	20	18	29
2014	영등포구	양평1동	52	285	132	380	1,081	1,123	47	72	36	68	19	26	6	17	30	61	7	52	20	33
2014	영등포구	양평2동	66	726	125	357	75	92	45	67	47	87	24	29	5	14	36	119	7	48	27	54
2014	영등포구	신길1동	51	51	85	233	71	71	38	50	42	70	48	59	27	32	11	17	-	-	43	75
2014	영등포구	신길3동	38	38	62	133	64	65	28	34	28	45	38	43	39	60	8	28	-	-	19	35
2014	영등포구	신길4동	36	87	30	66	51	54	21	27	25	52	26	28	2	2	1	2	-	-	23	34
2014	영등포구	신길5동	68	68	36	126	84	95	13	19	25	51	22	23	5	7	8	35	-	-	24	42
2014	영등포구	신길6동	100	100	85	271	69	71	62	81	32	70	39	57	11	24	22	67	2	3	32	56
2014	영등포구	신길7동	26	26	40	119	35	35	15	17	18	37	16	24	3	6	12	31	1	1	10	22
2014	영등포구	대림1동	50	50	79	176	55	55	33	37	49	71	46	53	19	32	10	22	-	-	29	46
2014	영등포구	대림2동	42	42	85	213	59	59	42	60	68	134	51	76	17	22	16	32	3	7	38	77
2014	영등포구	대림3동	614	614	124	347	139	156	59	99	71	123	51	66	6	10	16	37	7	34	38	93
2014	영등포구	영등포본동	64	64	84	283	92	92	38	59	37	70	31	83	115	300	24	121	-	-	36	73
2014	영등포구	영등포동	19	19	445	1,537	53	85	95	182	150	459	50	144	238	633	103	446	7	13	113	191
2014	영등포구	도림동	49	189	56	130	96	106	37	53	36	56	30	42	2	2	8	16	2	3	25	44
2014	영등포구	문래동	70	206	231	733	75	105	55	92	34	89	30	89	45	61	61	182	7	31	40	78
2014	동작구	소계	1,112	1,218	1,335	4,041	1,044	1,114	730	1,073	659	1,487	615	1,034	279	457	438	1,371	16	230	323	639
2014	동작구	노량진2동	29	29	68	180	45	46	31	44	50	90	30	42	19	22	25	60	-	-	25	46
2014	동작구	상도1동	108	108	119	351	97	97	76	110	61	136	57	128	21	40	55	136	4	8	28	53
2014	동작구	상도2동	62	62	92	249	66	72	70	100	34	57	43	69	22	34	17	34	-	-	17	30
2014	동작구	상도3동	94	94	52	137	76	76	36	45	22	46	41	63	20	34	10	25	-	-	16	27
2014	동작구	상도4동	140	140	53	133	114	114	34	44	21	42	38	47	16	21	16	29	-	-	15	29
2014	동작구	사당1동	56	56	154	459	78	80	74	130	82	193	47	88	25	79	36	123	1	21	21	45
2014	동작구	사당3동	84	84	50	147	64	83	40	54	21	37	35	48	7	10	17	38	1	2	13	24
2014	동작구	사당4동	48	48	35	72	49	50	20	30	15	28	27	42	13	15	7	18	1	5	9	14
2014	동작구	사당5동	57	57	20	43	45	47	19	28	8	12	25	29	4	5	6	12	1	11	12	23
2014	동작구	대방동	106	212	83	283	79	79	60	95	51	123	35	67	17	25	29	84	1	9	23	37
2014	동작구	신대방1동	52	52	59	194	57	73	42	58	29	50	42	52	32	42	15	30	2	6	21	43
2014	동작구	신대방2동	50	50	111	348	47	56	37	62	33	59	34	42	13	25	37	132	4	167	16	33
2014	동작구	흑석동	80	80	151	426	76	88	65	95	83	189	56	110	27	34	52	151	1	1	40	85
2014	동작구	노량진1동	82	82	155	583	76	76	67	87	58	173	51	97	25	40	84	344	-	-	49	122
2014	동작구	사당2동	64	64	133	436	75	77	59	91	91	252	54	110	18	31	32	155	-	-	18	28
2014	관악구	소계	2,137	3,011	1,926	5,955	1,760	1,852	862	1,472	1,032	2,327	852	1,560	564	1,077	436	1,465	16	112	448	961
2014	관악구	보라매동	93	93	93	291	79	81	39	57	44	80	48	67	136	323	18	52	-	-	18	52
2014	관악구	청림동	42	42	14	27	37	39	24	33	13	22	20	27	4	4	5	12	-	-	9	14
2014	관악구	행운동	80	80	94	277	60	62	55	157	53	127	62	167	24	47	30	79	-	-	21	40
2014	관악구	낙성대동	33	253	133	496	39	44	34	70	94	209	33	75	8	12	34	124	3	6	23	60
2014	관악구	중앙동	476	476	90	318	55	61	47	88	39	72	33	57	12	13	18	67	1	13	15	40
2014	관악구	인헌동	78	78	72	200	79	79	43	75	34	76	39	71	27	36	18	49	-	-	21	40
2014	관악구	남현동	43	43	84	322	40	44	29	42	46	150	24	45	16	21	18	80	3	4	6	17
2014	관악구	서원동	58	58	141	584	56	56	36	75	109	424	35	135	55	175	40	188	-	-	25	48
2014	관악구	신원동	53	53	61	129	39	39	29	36	31	54	36	46	11	14	10	19	1	2	22	37
2014	관악구	서림동	98	458	70	190	61	61	28	49	22	35	24	29	9	16	14	32	-	-	27	68
2014	관악구	신사동	68	68	84	260	79	92	55	81	41	85	58	96	14	19	10	30	2	24	26	62
2014	관악구	신림동	31	31	184	691	26	33	88	171	129	265	47	133	48	85	41	143	-	-	26	60
2014	관악구	난향동	66	66	12	28	57	57	12	23	6	9	16	26	2	2	3	13	-	-	10	19
2014	관악구	조원동	35	35	146	425	359	376	48	68	71	133	48	78	28	41	23	55	-	-	31	54
2014	관악구	대학동	54	54	183	483	54	54	36	54	83	201	42	76	5	6	66	232	1	4	25	71
2014	관악구	은천동	150	444	120	311	110	121	56	83	52	77	47	71	15	18	20	59	-	-	19	36
2014	관악구	성현동	134	134	20	55	81	88	34	49	14	26	34	45	9	9	7	20	-	-	15	36
2014	관악구	청룡동	61	61	159	459	62	62	81	144	75	148	71	140	68	127	37	138	1	11	20	42
2014	관악구	난곡동	141	141	34	96	107	108	24	30	21	41	45	57	13	15	6	15	1	5	33	63
2014	관악구	삼성동	183	183	61	96	117	123	27	38	21	26	37	39	22	31	2	16	-	-	31	53
2014	관악구	미성동	160	160	71	217	163	172	37	49	34	67	53	80	38	63	16	42	3	43	25	49
2014	서초구	소계	436	1,064	2,514	11,435	508	751	1,478	3,313	689	2,119	621	1,660	724	1,737	956	3,474	162	2,413	288	602
2014	서초구	서초1동	12	12	176	774	15	16	116	292	34	90	39	78	7	19	81	237	10	27	10	15
2014	서초구	서초2동	11	81	205	1,151	14	14	168	381	32	109	48	154	27	46	95	356	16	105	19	29
2014	서초구	서초3동	24	24	423	2,125	24	145	208	576	97	298	44	130	25	58	148	505	27	569	29	50
2014	서초구	서초4동	3	3	178	1,146	4	4	90	265	80	514	33	201	30	198	70	404	5	937	15	43
2014	서초구	잠원동	7	7	169	649	22	22	100	216	68	162	31	95	7	8	50	152	5	51	17	33
2014	서초구	반포본동	2	2	23	66	1	1	29	41	17	27	21	39	60	70	18	61	3	10	13	33
2014	서초구	반포1동	9	9	102	335	11	11	88	260	42	92	47	143	18	61	45	137	3	10	21	52
2014	서초구	반포2동	2	2	8	45	6	6	42	74	2	2	21	59	7	11	7	25	-	-	3	8
2014	서초구	반포3동	7	7	38	155	8	8	57	85	6	12	19	56	58	117	14	51	2	4	9	11
2014	서초구	반포4동	12	12	137	1,031	8	13	39	75	34	109	32	148	344	845	90	507	12	43	30	80
2014	서초구	방배본동	11	11	98	324	19	39	50	80	41	95	48	73	13	21	39	120	6	18	13	31
2014	서초구	방배1동	30	30	111	378	17	17	60	116	32	87	38	108	15	21	39	138	3	7	9	29
2014	서초구	방배2동	55	55	154	797	64	67	86	164	53	168	36	59	15	56	44	184	5	14	14	44
2014	서초구	방배3동	32	254	37	128	38	41	47	70	7	12	27	34	6	11	21	66	4	271	17	33
2014	서초구	방배4동	40	40	124	311	39	51	95	147	23	31	57	92	13	19	32	75	9	50	13	20
2014	서초구	양재1동	101	101	196	799	98	101	81	166	62	185	41	132	16	29	76	253	19	202	13	29
2014	서초구	양재2동	54	234	295	1,003	85	160	109	273	58	124	38	58	62	145	84	195	33	95	35	51
2014	서초구	내곡동	24	180	40	218	35	35	13	32	1	2	1	1	1	2	3	8	-	-	8	11
2014	강남구	소계	1,668	2,456	3,911	19,180	699	943	2,421	7,683	1,010	3,292	1,136	5,995	1,035	3,845	1,629	6,801	420	8,552	427	1,003
2014	강남구	신사동	6	6	232	1,209	18	21	93	258	74	286	79	336	216	904	153	787	43	251	17	41
2014	강남구	논현1동	20	20	320	1,496	29	52	172	387	105	375	94	374	40	93	105	458	21	392	31	64
2014	강남구	논현2동	18	18	347	1,758	20	20	135	446	102	270	66	269	30	159	123	473	36	574	32	79
2014	강남구	삼성1동	16	16	249	1,556	28	51	96	307	45	150	39	162	99	298	108	515	29	701	24	73
2014	강남구	삼성2동	18	18	164	761	31	176	156	439	27	69	61	155	13	22	78	267	21	417	21	49
2014	강남구	대치1동	3	3	55	262	6	6	63	111	8	12	30	225	13	19	23	136	1	6	6	15
2014	강남구	대치4동	12	12	242	1,085	21	21	163	729	58	179	71	198	25	51	97	365	22	437	14	26
2014	강남구	역삼1동	29	29	918	4,242	39	41	544	2,392	237	854	146	651	150	681	386	1,607	71	1,273	67	135
2014	강남구	역삼2동	36	36	178	695	26	26	180	542	22	49	30	77	20	41	89	295	14	283	22	50
2014	강남구	도곡1동	9	9	75	382	32	37	76	233	17	56	33	95	19	37	41	121	9	197	13	42
2014	강남구	도곡2동	20	160	102	482	4	6	80	208	30	83	19	60	5	8	41	170	17	149	11	25
2014	강남구	개포1동	66	66	14	33	64	70	42	68	-	-	20	23	3	3	5	7	-	-	13	20
2014	강남구	개포4동	214	214	101	293	63	75	56	102	24	42	34	48	9	32	24	62	28	109	10	24
2014	강남구	일원본동	41	41	17	130	39	39	36	51	3	6	20	35	2	3	8	56	-	-	11	34
2014	강남구	일원1동	833	833	81	218	28	28	19	28	30	55	18	38	8	12	15	39	-	-	14	26
2014	강남구	일원2동	55	67	31	79	24	24	26	50	5	8	12	19	5	5	8	15	2	2	3	11
2014	강남구	수서동	74	448	82	409	46	51	40	90	13	35	15	35	9	14	25	97	7	23	9	16
2014	강남구	세곡동	90	352	37	131	86	86	30	49	2	5	10	22	-	-	7	23	-	-	11	25
2014	강남구	압구정동	4	4	218	1,441	9	9	81	235	86	336	127	1,346	200	831	97	473	28	488	29	79
2014	강남구	청담동	13	13	178	1,136	19	21	122	361	62	260	122	1,661	80	445	94	441	47	917	21	70
2014	강남구	대치2동	20	20	215	1,225	26	28	145	494	44	123	56	120	86	184	86	353	23	2,331	34	70
2014	강남구	개포2동	71	71	55	157	41	55	66	103	16	39	34	46	3	3	16	41	1	2	14	29
2014	송파구	소계	2,661	5,252	2,473	8,669	2,470	2,628	1,469	2,539	964	2,050	983	1,940	817	2,029	668	2,299	119	1,345	402	1,079
2014	송파구	풍납1동	65	238	70	136	68	77	25	35	22	31	32	42	10	182	7	11	2	2	13	24
2014	송파구	풍납2동	112	364	62	241	59	83	45	66	20	45	30	59	14	26	16	38	2	5	16	41
2014	송파구	거여1동	93	93	47	112	72	72	20	23	20	39	29	37	8	10	14	23	2	8	11	19
2014	송파구	거여2동	164	164	65	187	119	130	47	57	35	56	45	48	4	4	16	28	3	9	15	25
2014	송파구	마천1동	135	264	64	112	145	155	37	51	35	45	36	44	11	15	11	30	-	-	26	68
2014	송파구	마천2동	136	550	97	237	135	138	31	45	27	53	38	53	43	69	10	22	2	38	23	44
2014	송파구	방이1동	43	250	104	497	43	43	40	76	40	77	39	63	8	11	36	110	8	476	4	7
2014	송파구	방이2동	94	257	255	987	61	69	93	240	113	298	38	61	17	29	35	163	10	48	13	73
2014	송파구	오륜동	5	5	11	175	4	4	22	50	1	3	14	41	58	65	14	81	-	-	8	12
2014	송파구	오금동	899	899	121	388	137	141	64	82	48	99	47	71	14	25	45	110	8	99	24	63
2014	송파구	송파1동	72	72	125	405	395	406	71	126	68	120	56	94	15	25	39	157	5	17	15	47
2014	송파구	송파2동	47	47	26	61	49	49	41	58	11	23	32	57	13	21	28	68	2	3	13	38
2014	송파구	석촌동	96	96	190	621	106	106	100	151	96	153	63	94	21	26	42	137	10	34	24	49
2014	송파구	삼전동	104	373	120	397	111	114	77	131	59	96	71	141	10	12	29	98	5	22	17	60
2014	송파구	가락본동	73	73	257	895	73	75	76	137	92	213	51	91	31	113	51	207	18	146	19	35
2014	송파구	가락1동	7	7	52	187	7	17	25	48	-	-	1	1	-	-	1	4	-	-	25	49
2014	송파구	가락2동	84	84	95	321	80	80	59	73	41	78	62	114	33	35	29	60	4	136	22	63
2014	송파구	문정1동	51	51	71	190	66	116	70	95	16	30	43	76	46	114	24	51	9	168	11	20
2014	송파구	문정2동	13	13	68	280	11	12	99	167	17	41	21	72	118	288	35	119	5	21	13	18
2014	송파구	장지동	171	1,155	78	206	169	169	64	123	30	51	41	58	5	7	21	50	4	15	18	78
2014	송파구	잠실본동	54	54	306	1,153	55	64	105	221	152	428	87	256	30	58	57	226	10	37	25	75
2014	송파구	잠실4동	49	49	14	35	26	26	51	90	5	11	20	75	-	-	9	25	-	-	6	36
2014	송파구	잠실6동	15	15	112	414	439	439	46	92	9	27	27	82	77	221	40	201	7	52	15	79
2014	송파구	잠실7동	-	-	-	-	3	6	15	21	-	-	8	9	8	8	3	8	-	-	6	10
2014	송파구	잠실2동	42	42	20	58	21	21	62	132	1	2	28	76	49	98	20	64	-	-	6	9
2014	송파구	잠실3동	37	37	43	374	16	16	84	149	6	31	24	125	174	567	36	208	3	9	14	37
2014	강동구	소계	3,493	5,354	1,879	5,690	2,145	2,349	978	1,436	944	2,012	841	1,333	661	1,235	457	1,348	64	1,767	360	750
2014	강동구	강일동	91	430	24	98	154	154	17	27	6	21	17	34	1	3	16	68	-	-	12	48
2014	강동구	상일동	226	226	70	206	148	149	51	76	38	86	22	28	4	6	16	29	-	-	27	51
2014	강동구	명일1동	111	111	117	392	90	95	55	87	38	74	60	103	70	103	38	82	3	54	13	22
2014	강동구	명일2동	32	32	58	232	26	26	33	47	25	65	33	92	63	81	24	108	4	16	11	25
2014	강동구	고덕1동	79	79	35	80	80	96	27	38	18	34	18	22	2	2	4	8	-	-	11	20
2014	강동구	고덕2동	1,262	1,262	47	106	132	138	38	43	17	27	20	23	6	8	5	9	1	1	19	33
2014	강동구	암사2동	92	283	55	189	77	86	40	60	18	37	24	45	6	8	16	48	4	295	14	28
2014	강동구	암사3동	92	92	17	38	69	77	26	49	3	9	18	42	9	12	4	11	-	-	8	15
2014	강동구	천호1동	222	391	74	175	157	171	46	63	34	53	59	85	27	52	23	69	1	2	30	59
2014	강동구	천호3동	123	284	114	310	111	114	64	83	74	179	54	100	76	107	19	88	3	9	26	46
2014	강동구	성내1동	78	78	137	469	89	105	45	63	45	82	25	26	8	14	45	163	9	404	15	33
2014	강동구	성내2동	114	409	137	373	111	138	80	114	77	120	77	112	15	16	36	99	3	13	25	61
2014	강동구	성내3동	123	123	194	629	91	97	72	111	106	202	69	118	40	61	49	127	10	62	8	15
2014	강동구	둔촌1동	56	56	2	4	40	40	43	52	1	3	12	14	34	50	6	11	-	-	10	15
2014	강동구	둔촌2동	123	416	114	379	129	134	56	73	44	65	59	77	13	17	28	63	7	800	15	68
2014	강동구	암사1동	208	405	124	283	193	236	60	89	72	133	81	102	30	40	26	60	4	32	31	54
2014	강동구	천호2동	152	206	283	852	192	221	88	117	158	413	80	142	216	591	53	164	5	24	56	97
2014	강동구	길동	309	471	277	875	256	272	137	244	170	409	113	168	41	64	49	141	10	55	29	60